accuracy,0.859375
f1_macro,0.7803644553644554
f1_weighted,0.8415310196560196
roc_auc_macro_ovr,0.9890396063637894
