MOA,Precision,Recall,F1
HDAC,0.8235294117647058,0.9333333333333333,0.875
HMGCR,1.0,1.0,1.0
PARP,0.5,0.625,0.5555555555555556
SERINE/THREONINE PROTEIN KINASE,0.6,0.7142857142857143,0.6521739130434783
TOPOISOMERASE,1.0,0.75,0.8571428571428571
TUBULIN,1.0,0.3333333333333333,0.5
TYROSINE KINASE,0.6470588235294118,0.5,0.5641025641025641
