accuracy,0.84
f1_macro,0.7796594499868912
f1_weighted,0.8310638462281464
roc_auc_macro_ovr,0.9593240845763444
