MOA,Precision,Recall,F1
AKT,1.0,1.0,1.0
AURORA KINASE,0.5,0.5,0.5
CDK,1.0,1.0,1.0
HDAC,0.85,1.0,0.918918918918919
HMGCR,1.0,1.0,1.0
JAK,0.6666666666666666,0.8,0.7272727272727273
MTOR,1.0,1.0,1.0
PARP,1.0,1.0,1.0
TOPOISOMERASE,1.0,0.25,0.4
TUBULIN,1.0,1.0,1.0
TYROSINE KINASE,0.8181818181818182,0.8181818181818182,0.8181818181818182
VEGFR,0.0,0.0,0.0
