MOA,Precision,Recall,F1
AKT,0.6666666666666666,0.6666666666666666,0.6666666666666666
AURORA KINASE,0.75,0.5,0.6
CDK,0.875,0.7777777777777778,0.8235294117647058
HDAC,0.7,0.9333333333333333,0.8
HMGCR,1.0,1.0,1.0
JAK,0.75,0.42857142857142855,0.5454545454545454
MTOR,1.0,0.5,0.6666666666666666
PARP,0.6,0.75,0.6666666666666666
TOPOISOMERASE,1.0,0.75,0.8571428571428571
TUBULIN,1.0,0.3333333333333333,0.5
TYROSINE KINASE,0.42105263157894735,0.5333333333333333,0.47058823529411764
