MOA,Precision,Recall,F1
HDAC,0.9285714285714286,0.8666666666666667,0.896551724137931
HMGCR,1.0,1.0,1.0
MTOR,1.0,0.5,0.6666666666666666
PARP,0.7142857142857143,0.625,0.6666666666666666
TOPOISOMERASE,1.0,0.75,0.8571428571428571
TUBULIN,1.0,0.3333333333333333,0.5
TYROSINE KINASE,0.8043478260869565,0.9487179487179487,0.8705882352941177
