accuracy,0.90625
f1_macro,0.9024963656542604
f1_weighted,0.8919731761837025
roc_auc_macro_ovr,0.9854538574344581
