accuracy,0.68
f1_macro,0.7148535556920651
f1_weighted,0.674718992762471
roc_auc_macro_ovr,0.9429732320188585
